{
    "GPMultiTaskIndex": {
        "MSE": [
            [
                0.005612920073160064,
                0.00045714486298639045
            ],
            [
                0.0062178946379928095,
                0.0005119422973690861
            ]
        ],
        "CRPS": [
            [
                0.3546605635565887,
                0.03610136024138745
            ],
            [
                0.38263304922509583,
                0.07260503433352017
            ]
        ]
    },
    "GPMultiTaskMultiOut": {
        "MSE": [
            [
                0.005229772762580234,
                0.00035846895139788704
            ],
            [
                0.005648759092883135,
                0.0004300798940204873
            ]
        ],
        "CRPS": [
            [
                0.4497864906179917,
                0.04017363732195868
            ],
            [
                0.32630327243199553,
                0.07064712927307028
            ]
        ]
    }
}